Workbook

Sheet Summary
A1: Template | B1: Delivery Department KPI
A2: Period Start (YYYY-MM-DD)
A3: Period End (YYYY-MM-DD)
A5: Goal Comments
A6: Goal Key | B6: Goal Name | C6: Comment
A7: billability_utilization | B7: Billability & Utilization
A8: delivery_excellence | B8: Delivery Excellence
A9: quality_process | B9: Quality & Process
A10: value_client | B10: Value Add & Client Satisfaction

Sheet Raw Delivery Log
A1: Month / Period
A2: Sr No | B2: Ticket/Task ID | C2: Project/Module | D2: Issue Description | E2: Issue Date | F2: Due Date | G2: Start Date | H2: Delivery Date | I2: Delivered? (Y/N) | J2: Rework Required? (Y/N) | K2: Rework Count | L2: Escalated? (Y/N) | M2: Escalation Level | N2: Post-Delivery Defect? (Y/N) | O2: Defect Count | P2: Type | Q2: Root Cause | R2: Reference Link | S2: FTR Flag | T2: ESC Flag | U2: PDD Flag
A3: 1 | S3: =IF(AND(I3="Y",J3<>"Y"),1,0) | T3: =IF(L3="Y",1,0) | U3: =IF(N3="Y",1,0)
A4: 2 | Q4: https://msj.backlog.com/view/TORIDOLL_INTERNAL-564 | R4: https://msj.backlog.com/view/TORIDOLL_INTERNAL-564 | S4: =IF(AND(I4="Y",J4<>"Y"),1,0) | T4: =IF(L4="Y",1,0) | U4: =IF(N4="Y",1,0)
A5: 3 | Q5: https://msj.backlog.com/view/TORIDOLL_INTERNAL-261 | R5: https://msj.backlog.com/view/TORIDOLL_INTERNAL-261 | S5: =IF(AND(I5="Y",J5<>"Y"),1,0) | T5: =IF(L5="Y",1,0) | U5: =IF(N5="Y",1,0)
A6: 4 | S6: =IF(AND(I6="Y",J6<>"Y"),1,0) | T6: =IF(L6="Y",1,0) | U6: =IF(N6="Y",1,0)
A7: 5 | S7: =IF(AND(I7="Y",J7<>"Y"),1,0) | T7: =IF(L7="Y",1,0) | U7: =IF(N7="Y",1,0)
A8: 6 | S8: =IF(AND(I8="Y",J8<>"Y"),1,0) | T8: =IF(L8="Y",1,0) | U8: =IF(N8="Y",1,0)
A9: 7 | S9: =IF(AND(I9="Y",J9<>"Y"),1,0) | T9: =IF(L9="Y",1,0) | U9: =IF(N9="Y",1,0)
A10: 8 | S10: =IF(AND(I10="Y",J10<>"Y"),1,0) | T10: =IF(L10="Y",1,0) | U10: =IF(N10="Y",1,0)
A11: 9 | S11: =IF(AND(I11="Y",J11<>"Y"),1,0) | T11: =IF(L11="Y",1,0) | U11: =IF(N11="Y",1,0)
A12: 10 | S12: =IF(AND(I12="Y",J12<>"Y"),1,0) | T12: =IF(L12="Y",1,0) | U12: =IF(N12="Y",1,0)
A13: 11 | S13: =IF(AND(I13="Y",J13<>"Y"),1,0) | T13: =IF(L13="Y",1,0) | U13: =IF(N13="Y",1,0)
A14: 12 | S14: =IF(AND(I14="Y",J14<>"Y"),1,0) | T14: =IF(L14="Y",1,0) | U14: =IF(N14="Y",1,0)
A15: 13 | S15: =IF(AND(I15="Y",J15<>"Y"),1,0) | T15: =IF(L15="Y",1,0) | U15: =IF(N15="Y",1,0)
A16: 14 | S16: =IF(AND(I16="Y",J16<>"Y"),1,0) | T16: =IF(L16="Y",1,0) | U16: =IF(N16="Y",1,0)
A17: 15 | S17: =IF(AND(I17="Y",J17<>"Y"),1,0) | T17: =IF(L17="Y",1,0) | U17: =IF(N17="Y",1,0)
... A39: 37 | S39: =IF(AND(I39="Y",J39<>"Y"),1,0) | T39: =IF(L39="Y",1,0) | U39: =IF(N39="Y",1,0)
A41: Total Delivered (Y) | B41: =COUNTIFS(I3:I39,"Y") | C41: Count
A42: First Time Right Count | B42: =COUNTIFS(I3:I39,"Y",J3:J39,"<>Y") | C42: Count
A43: Escalation Count | B43: =COUNTIFS(L3:L39,"Y") | C43: Count
A44: Post-Delivery Defect Count | B44: =COUNTIFS(N3:N39,"Y") | C44: Count
A45: First Time Right (%) | B45: =IF(B41=0,0,ROUND((B42/B41)*100,2)) | C45: %
A46: Escalation Rate (%) | B46: =IF(B41=0,0,ROUND((B43/B41)*100,2)) | C46: %
A47: Post-Delivery Defect Rate (%) | B47: =IF(B41=0,0,ROUND((B44/B41)*100,2)) | C47: %

Sheet Billability & Utilization
A1: Goal Key | B1: billability_utilization
A2: Goal Name | B2: Billability & Utilization
A3: Description | B3: Ensure optimal utilization of delivery resources and maximize billable contribution.
A4: Goal Comment
A6: Metric Key | B6: Metric Label | C6: Type | D6: Required | E6: Definition | F6: Value | G6: Comment
A7: bu_billable_hours | B7: Billable Hours (Input) | C7: NUMBER | D7: Yes
A8: bu_available_hours | B8: Available Hours (Input) | C8: NUMBER | D8: Yes
A9: bu_total_working_hours | B9: Total Working Hours (Input) | C9: NUMBER | D9: Yes
A10: utilization_rate | B10: Utilization Rate (%) | C10: PERCENT | D10: Auto | E10: Measures the percentage of available working hours that are spent on billable activities. | F10: =IFERROR((F7 / F8) * 100, "")
A11: billability_rate | B11: Billability Rate (%) | C11: PERCENT | D11: Auto | E11: Measures percentage of total working time that is billable to clients. | F11: =IFERROR((F7 / F9) * 100, "")

Sheet Delivery Excellence
A1: Goal Key | B1: delivery_excellence
A2: Goal Name | B2: Delivery Excellence
A3: Description | B3: Ensure projects are delivered on time, within budget, and with high quality.
A4: Goal Comment
A6: Metric Key | B6: Metric Label | C6: Type | D6: Required | E6: Definition | F6: Value | G6: Comment
A7: de_projects_on_time_budget | B7: Projects Delivered On Time & Budget (Input) | C7: NUMBER | D7: Yes | F7: =SUMPRODUCT(--('Raw Delivery Log'!$I$3:$I$39="Y"),--('Raw Delivery Log'!$H$3:$H$39<='Raw Delivery Log'!$F$3:$F$39))
A8: de_total_projects_delivered | B8: Total Projects Delivered (Input) | C8: NUMBER | D8: Yes | F8: =COUNTIFS('Raw Delivery Log'!$I$3:$I$39,"Y")
A9: de_approved_scope_changes | B9: Approved Scope Changes (Input) | C9: NUMBER | D9: Yes
A10: de_total_scope_requests | B10: Total Scope Change Requests (Input) | C10: NUMBER | D10: Yes
A11: de_deliverables_accepted | B11: Deliverables Accepted Without Rework (Input) | C11: NUMBER | D11: Auto (Raw Sheet) | F11: =IFERROR('Raw Delivery Log'!B42,"")
A12: de_total_deliverables | B12: Total Deliverables (Input) | C12: NUMBER | D12: Auto (Raw Sheet) | F12: =IFERROR('Raw Delivery Log'!B41,"")
A13: de_milestones_on_time | B13: Milestones Completed On Time (Input) | C13: NUMBER | D13: Yes
A14: de_total_milestones | B14: Total Milestones (Input) | C14: NUMBER | D14: Yes
A15: de_escalation_count | B15: Escalation Count (Input) | C15: NUMBER | D15: Auto (Raw Sheet) | F15: =IFERROR('Raw Delivery Log'!B43,"")
A16: de_post_delivery_defects | B16: Post Delivery Defects (Input) | C16: NUMBER | D16: Auto (Raw Sheet) | F16: =IFERROR('Raw Delivery Log'!B44,"")
A17: de_total_deliveries | B17: Total Deliveries (Input) | C17: NUMBER | D17: Auto (Raw Sheet) | F17: =IFERROR('Raw Delivery Log'!B41,"")
A18: on_time_delivery | B18: On-Time & On-Budget Delivery (%) | C18: PERCENT | D18: Auto | E18: Measures percentage of projects delivered on time and within approved budget. | F18: =IFERROR((F7 / F8) * 100, "")
A19: scope_change_control | B19: Scope Change Control Effectiveness (%) | C19: PERCENT | D19: Auto | E19: Measures effectiveness of managing and controlling project scope changes. | F19: =IFERROR((F9 / F10) * 100, "")
A20: first_time_right | B20: First Time Right (%) | C20: PERCENT | D20: Auto | E20: Measures percentage of deliverables accepted by client without requiring rework. | F20: =IFERROR((F11 / F12) * 100, "")
A21: schedule_adherence | B21: Schedule Adherence (%) | C21: PERCENT | D21: Auto | E21: Measures how well project milestones are delivered as per planned schedule. | F21: =IFERROR((F13 / F14) * 100, "")
A22: escalation_rate | B22: Escalation Rate (Count) | C22: NUMBER | D22: Auto | E22: Measures number of client escalations during delivery period. | F22: =IFERROR(F15, "")
A23: post_delivery_defect_rate | B23: Post Delivery Defect Rate (%) | C23: PERCENT | D23: Auto | E23: Measures defects reported after delivery completion. | F23: =IFERROR((F16 / F17) * 100, "")

Sheet Quality & Process
A1: Goal Key | B1: quality_process
A2: Goal Name | B2: Quality & Process
A3: Description | B3: Ensure adherence to defined processes and maintain high quality standards.
A4: Goal Comment
A6: Metric Key | B6: Metric Label | C6: Type | D6: Required | E6: Definition | F6: Value | G6: Comment
A7: qp_rework_count | B7: Deliverables Requiring Rework (Input) | C7: NUMBER | D7: Yes | F7: =SUM('Raw Delivery Log'!$K$3:$K$39)
A8: qp_total_deliverables | B8: Total Deliverables (Input) - Quality | C8: NUMBER | D8: Yes | F8: =IFERROR('Raw Delivery Log'!B41,"")
A9: qp_compliant_deliveries | B9: Process Compliant Deliveries (Input) | C9: NUMBER | D9: Yes | F9: =IFERROR('Raw Delivery Log'!B42,"")
A10: qp_total_deliveries | B10: Total Deliveries (Input) - Process | C10: NUMBER | D10: Yes | F10: =IFERROR('Raw Delivery Log'!B41,"")
A11: qp_formal_changes | B11: Formally Managed Changes (Input) | C11: NUMBER | D11: Yes
A12: qp_total_changes | B12: Total Changes (Input) | C12: NUMBER | D12: Yes
A13: qp_automated_projects | B13: Projects Using Automation (Input) | C13: NUMBER | D13: Yes
A14: qp_total_projects | B14: Total Projects (Input) | C14: NUMBER | D14: Yes
A15: delivery_error_rework_rate | B15: Delivery Error / Rework Rate (%) | C15: PERCENT | D15: Auto | E15: Measures percentage of deliverables requiring correction or rework. | F15: =IFERROR((F7 / F8) * 100, "")
A16: process_compliance_rate | B16: Process Compliance Rate (%) | C16: PERCENT | D16: Auto | E16: Measures adherence to defined SOPs and delivery processes. | F16: =IFERROR((F9 / F10) * 100, "")
A17: change_management_adherence | B17: Change Management Adherence (%) | C17: PERCENT | D17: Auto | E17: Measures percentage of changes handled using formal change management process. | F17: =IFERROR((F11 / F12) * 100, "")
A18: automation_adoption | B18: Automation Adoption (%) | C18: PERCENT | D18: Auto | E18: Measures usage of automation in delivery activities. | F18: =IFERROR((F13 / F14) * 100, "")

Sheet Value Add & Client Satisfaction
A1: Goal Key | B1: value_client
A2: Goal Name | B2: Value Add & Client Satisfaction
A3: Description | B3: Deliver additional business value and ensure high client satisfaction.
A4: Goal Comment
A6: Metric Key | B6: Metric Label | C6: Type | D6: Required | E6: Definition | F6: Value | G6: Comment
A7: vc_additional_initiatives | B7: Additional Initiatives Completed (Input) | C7: NUMBER | D7: Yes | F7: =COUNTIFS('Raw Delivery Log'!$P$3:$P$39,"Value Add")
A8: vc_total_score | B8: Total Client Ratings Score (Input) | C8: NUMBER | D8: Yes
A9: vc_total_responses | B9: Total Client Responses (Input) | C9: NUMBER | D9: Yes
A10: additional_initiatives_delivered | B10: Additional Initiatives Delivered (Count) | C10: NUMBER | D10: Auto | E10: Measures number of additional value-added initiatives beyond planned delivery. | F10: =IFERROR(F7, "")
A11: csat_score | B11: Client Satisfaction Score (CSAT) | C11: NUMBER | D11: Auto | E11: Measures client satisfaction level based on feedback ratings. | F11: =IFERROR((F8 / F9), "")
