Workbook

Sheet Raw Delivery Log
A1: SR NO | B1: TICKET/TASK ID | C1: PROJECT/MODULE | D1: ISSUE DESCRIPTION | E1: ISSUE DATE | F1: DUE DATE | G1: DELIVERY DATE | H1: DELIVERED? (Y/N) | I1: REWORK REQUIRED? (Y/N) | J1: REWORK COUNT | K1: ESCALATED? (Y/N) | L1: ESCALATION LEVEL | M1: POST-DELIVERY DEFECT? (Y/N) | N1: SCOPE REQUEST? (Y/N) | O1: APPROVED SCOPE CHANGE? (Y/N) | P1: MILESTONE? (Y/N) | Q1: MILESTONE ON TIME? (Y/N) | R1: FORMAL CHANGE LOGGED? (Y/N) | S1: AUTOMATION USED? (Y/N) | T1: ADDITIONAL INITIATIVE? (Y/N) | U1: CSAT SCORE | V1: REFERENCE NAME | W1: REFERENCE URL | X1: REFERENCE LINK
A2: 1 | B2: M0093 | C2: M0093_SharePoint_to_DMP | D2: File Management Issue | E2: 2026-01-29 | F2: 2026-02-03 | G2: 2026-02-02 | H2: Y | I2: N | J2: 0 | K2: Y | L2: None | M2: N | N2: N | O2: N | P2: Y | Q2: Y | R2: N | S2: Y | T2: Y | U2: 4 | V2: Root Cause Doc | W2: https://example.com/rca-m0093 | X2: =IF(W2="","",HYPERLINK(W2,V2))
A3: 2 | B3: 564 | C3: M0098_DMP_to_FoodLink | D3: Scratch Development | E3: 2026-01-23 | F3: 2026-01-30 | G3: 2026-01-30 | H3: Y | I3: Y | J3: 2 | K3: N | L3: None | M3: N | N3: Y | O3: N | P3: Y | Q3: Y | R3: Y | S3: N | T3: N | U3: 5 | V3: Change Request | W3: https://example.com/cr-564 | X3: =IF(W3="","",HYPERLINK(W3,V3))
A4: 3 | B4: 261 | C4: M0025_JNAL_DMPToBlackLine | D4: DDL internal TB issue | E4: 2026-02-04 | F4: 2026-02-06 | G4: 2026-02-06 | H4: Y | I4: N | J4: 0 | K4: N | L4: None | M4: N | N4: N | O4: N | P4: Y | Q4: Y | R4: N | S4: Y | T4: N | U4: 4 | V4: Tech Notes | W4: https://example.com/tech-261 | X4: =IF(W4="","",HYPERLINK(W4,V4))
A5: 4 | B5: 641 | C5: M0025_JNAL_DMPToBlackLine | D5: Unable to get S3 in bulk | E5: 2026-02-04 | F5: 2026-02-06 | G5: 2026-02-06 | H5: Y | I5: N | J5: 0 | K5: N | L5: None | M5: N | N5: Y | O5: Y | P5: Y | Q5: Y | R5: Y | S5: N | T5: N | U5: 3 | V5: S3 Investigation | W5: https://example.com/s3-641 | X5: =IF(W5="","",HYPERLINK(W5,V5))
A6: 5 | B6: 521 | C6: ngc | D6: General Support | E6: 2026-02-04 | F6: 2026-02-08 | G6: 2026-02-06 | H6: Y | I6: N | J6: 0 | K6: N | L6: None | M6: Y | N6: N | O6: N | P6: Y | Q6: N | R6: N | S6: Y | T6: Y | U6: 5 | V6: Delivery Evidence | W6: https://example.com/deliv-521 | X6: =IF(W6="","",HYPERLINK(W6,V6))

Sheet Raw_Summary
A1: metric_key | B1: value | C1: description
A2: de_total_deliverables | B2: =COUNTIFS('Raw Delivery Log'!$H$2:$H$200,"Y") | C2: Total delivered count
A3: de_deliverables_accepted | B3: =COUNTIFS('Raw Delivery Log'!$H$2:$H$200,"Y",'Raw Delivery Log'!$I$2:$I$200,"N") | C3: First-time-right delivered count
A4: de_escalation_count | B4: =COUNTIFS('Raw Delivery Log'!$K$2:$K$200,"Y") | C4: Escalated items count
A5: de_post_delivery_defects | B5: =COUNTIFS('Raw Delivery Log'!$M$2:$M$200,"Y") | C5: Post-delivery defects count
A6: de_total_deliveries | B6: =B2 | C6: Mirror of total deliverables
A7: de_total_scope_requests | B7: =COUNTIFS('Raw Delivery Log'!$N$2:$N$200,"Y") | C7: Scope requests count
A8: de_approved_scope_changes | B8: =COUNTIFS('Raw Delivery Log'!$O$2:$O$200,"Y") | C8: Approved scope changes
A9: de_total_milestones | B9: =COUNTIFS('Raw Delivery Log'!$P$2:$P$200,"Y") | C9: Total milestones
A10: de_milestones_on_time | B10: =COUNTIFS('Raw Delivery Log'!$Q$2:$Q$200,"Y") | C10: Milestones on-time
A11: qp_rework_count | B11: =SUM('Raw Delivery Log'!$J$2:$J$200) | C11: Total rework count
A12: qp_total_deliverables | B12: =B2 | C12: Mirror of total deliverables
A13: qp_compliant_deliveries | B13: =B3 | C13: Using first-time-right as compliant
A14: qp_total_deliveries | B14: =B2 | C14: Mirror of total deliveries
A15: qp_total_changes | B15: =B7 | C15: Mirror of total scope requests
A16: qp_formal_changes | B16: =COUNTIFS('Raw Delivery Log'!$R$2:$R$200,"Y") | C16: Formal change records
A17: qp_total_projects | B17: =IFERROR(COUNTA(UNIQUE(FILTER('Raw Delivery Log'!$C$2:$C$200,'Raw Delivery Log'!$C$2:$C$200<>""))),0) | C17: Distinct projects
A18: qp_automated_projects | B18: =IFERROR(COUNTA(UNIQUE(FILTER('Raw Delivery Log'!$C$2:$C$200,'Raw Delivery Log'!$S$2:$S$200="Y"))),0) | C18: Distinct automated projects
A19: vc_additional_initiatives | B19: =COUNTIFS('Raw Delivery Log'!$T$2:$T$200,"Y") | C19: Additional initiatives count
A20: vc_total_score | B20: =SUM('Raw Delivery Log'!$U$2:$U$200) | C20: Total CSAT score
A21: vc_total_responses | B21: =COUNT('Raw Delivery Log'!$U$2:$U$200) | C21: CSAT responses count
A22: ftr_rate_percent | B22: =IF(B2=0,0,ROUND((B3/B2)*100,2)) | C22: First time right %
A23: escalation_rate_percent | B23: =IF(B2=0,0,ROUND((B4/B2)*100,2)) | C23: Escalation %
A24: post_defect_rate_percent | B24: =IF(B2=0,0,ROUND((B5/B2)*100,2)) | C24: Post-delivery defect %

Sheet KPI Auto Fill Preview
A1: metric_key | B1: auto_value_from_raw | C1: goal
A2: de_total_deliverables | B2: =IFERROR(INDEX('Raw_Summary'!$B:$B,MATCH(A2,'Raw_Summary'!$A:$A,0)),"") | C2: Delivery Excellence
A3: de_deliverables_accepted | B3: =IFERROR(INDEX('Raw_Summary'!$B:$B,MATCH(A3,'Raw_Summary'!$A:$A,0)),"") | C3: Delivery Excellence
A4: de_escalation_count | B4: =IFERROR(INDEX('Raw_Summary'!$B:$B,MATCH(A4,'Raw_Summary'!$A:$A,0)),"") | C4: Delivery Excellence
A5: de_post_delivery_defects | B5: =IFERROR(INDEX('Raw_Summary'!$B:$B,MATCH(A5,'Raw_Summary'!$A:$A,0)),"") | C5: Delivery Excellence
A6: qp_rework_count | B6: =IFERROR(INDEX('Raw_Summary'!$B:$B,MATCH(A6,'Raw_Summary'!$A:$A,0)),"") | C6: Quality & Process
A7: qp_total_deliverables | B7: =IFERROR(INDEX('Raw_Summary'!$B:$B,MATCH(A7,'Raw_Summary'!$A:$A,0)),"") | C7: Quality & Process
A8: qp_compliant_deliveries | B8: =IFERROR(INDEX('Raw_Summary'!$B:$B,MATCH(A8,'Raw_Summary'!$A:$A,0)),"") | C8: Quality & Process
A9: vc_additional_initiatives | B9: =IFERROR(INDEX('Raw_Summary'!$B:$B,MATCH(A9,'Raw_Summary'!$A:$A,0)),"") | C9: Value Add & Client Satisfaction
A10: vc_total_score | B10: =IFERROR(INDEX('Raw_Summary'!$B:$B,MATCH(A10,'Raw_Summary'!$A:$A,0)),"") | C10: Value Add & Client Satisfaction
A11: vc_total_responses | B11: =IFERROR(INDEX('Raw_Summary'!$B:$B,MATCH(A11,'Raw_Summary'!$A:$A,0)),"") | C11: Value Add & Client Satisfaction

Sheet How_To_Use
A1: How To Use (Approval Sample)
A2: 1. Fill ONLY Raw Delivery Log rows.
A3: 2. Raw_Summary auto-calculates KPI base values.
A4: 3. KPI Auto Fill Preview shows values that your KPI goal sheets can read.
A5: 4. Reference Link column shows display text but opens URL target.
A6: 5. This file is for manager approval of approach before template/code change.
